"Minutes","Name","App","Category"
"468.7","KL_Landing.sketch","Sketch","Design"
"416.3","docs.google.com","Google Chrome","Documents & Writing"
"312.7","%D0%9D%D0%B0%20%D0%A0%D1%8B%D0%BD%D0%BE%D0%BA.sketch","Sketch","Design"
"299.9","VendingMachine.sketch","Sketch","Design"
"297.6","SD.sketch","Sketch","Design"
"266.2","trello.com","Google Chrome","Management"
"255.7","Enginerd.sketch","Sketch","Design"
"255.4","topcarstoday_99D.sketch","Sketch","Design"
"242.8","AmericanEnergy(Solar)_99D.sketch","Sketch","Design"
"217.4","Maintenance-Web.sketch","Sketch","Design"
"208.3","–ë–∏—Ç—Ä–∏–∫—Å24","–ë–∏—Ç—Ä–∏–∫—Å24","Uncategorized"
"183.8","99designs.com","Google Chrome","Design"
"178.7","Google Chrome","Google Chrome","Documents & Writing"
"169.7","Finder","Finder","File Management"
"165.9","google.ru","Google Chrome","Search"
"156.8","Distractions","Manual Activity Wrapper","Leisure"
"151.5","Photoshop CC","Photoshop CC","Design"
"149.4","Flow.sketch","Sketch","Design"
"141.8","WhatsApp","WhatsApp","Social"
"141.6","Telegram","Telegram","Management"
"139.4","TopCarsToday_Export.sketch","Sketch","Design"
"127.8","fanserials.care","Google Chrome","Uncategorized"
"119.2","koniglabs.bitrix24.ru","Google Chrome","Management"
"95.3","coub.com","Google Chrome","Videos & TV"
"92.8","dribbble.com","Google Chrome","Reference & Learning"
"91.2","Spark","Spark","Management"
"86.3","translate.yandex.com","Google Chrome","Uncategorized"
"86.2","Heroes","Heroes","Games"
"79.0","motor.ru","Google Chrome","Uncategorized"
"77.5","Principle","Principle","Design"
"71.7","Notion","Notion","Management"
"69.1","XMind","XMind","Documents & Writing"
"65.1","Untitled%202.sketch","Sketch","Design"
"60.2","Video Call","Skype","Management"
"51.3","freepik.com","Google Chrome","Design"
"49.8","InVision Studio","InVision Studio","Uncategorized"
"48.7","–ü—Ä–æ—Å–º–æ—Ç—Ä","–ü—Ä–æ—Å–º–æ—Ç—Ä","Documents & Writing"
"47.6","KL_Landing","Sketch","Design"
"44.5","ironix_bitchip_enginerd.sketch","Sketch","Design"
"42.2","Qbserve","Qbserve","Utilities & Services"
"40.0","etoro.com","Google Chrome","Uncategorized"
"39.7","drive.google.com","Google Chrome","Management"
"39.5","istockphoto.com","Google Chrome","Design"
"38.5","live.skillbox.ru","Google Chrome","Uncategorized"
"38.5","thenounproject.com","Google Chrome","Design"
"38.4","AmericanEnergy(Solar)_99D","Sketch","Design"
"36.5","intake24.co.uk","Google Chrome","Uncategorized"
"36.1","pinterest.ru","Google Chrome","Uncategorized"
"34.1","pikabu.ru","Google Chrome","Leisure"
"34.0","sketchapp.me","Google Chrome","Uncategorized"
"32.8","figma.com","Google Chrome","Audio/Video Production"
"31.5","VendingMachine","Sketch","Design"
"31.0","Axure RP 8","Axure RP 8","Design"
"29.7","market.yandex.ru","Google Chrome","Search"
"29.2","–ù–∞ –†—ã–Ω–æ–∫","Sketch","Design"
"28.9","KL_Viz.sketch","Sketch","Design"
"28.7","Adobe Illustrator CC 2018","Adobe Illustrator CC 2018","Design"
"28.1","Microsoft Excel","Microsoft Excel","Documents & Writing"
"27.9","topcarstoday_99D","Sketch","Design"
"26.6","gettyimages.com","Google Chrome","Design"
"26.5","play.google.com","Google Chrome","Search"
"26.4","Spotify","Spotify","File Management"
"26.1","Flow","Sketch","Design"
"24.8","–ö–∞–ª–µ–Ω–¥–∞—Ä—å","–ö–∞–ª–µ–Ω–¥–∞—Ä—å","General"
"24.5","Maintenance-Web","Sketch","Design"
"23.9","(8) COUB –ª—É—á—à–µ–µ –∏—é–ª—å 2018 best coub - YouTube","YouTube","Videos & TV"
"23.1","Tshirt.sketch","Sketch","Design"
"22.9","namelix.com","Google Chrome","Uncategorized"
"21.8","Skype","Skype","Management"
"21.8","shutterstock.com","Google Chrome","Design"
"21.6","TextEdit","TextEdit","Documents & Writing"
"21.1","(22) Best COUB #50 - YouTube","YouTube","Videos & TV"
"21.0","(22) Best COUB #51 - YouTube","YouTube","Videos & TV"
"20.9","Enginerd","Sketch","Design"
"20.7","(22) Best COUB #49 - YouTube","YouTube","Videos & TV"
"20.6","pexels.com","Google Chrome","Design"
"20.5","23.252.65.89:8123","Google Chrome","Uncategorized"
"19.8","google.com","Google Chrome","Search"
"19.6","TOP-Speaker%202.sketch","Sketch","Design"
"18.9","topcarstoday.com","Google Chrome","Uncategorized"
"18.9","webflow.com","Google Chrome","Design"
"18.0","s.muz.li","Google Chrome","Reference & Learning"
"15.6","auto.ru","Google Chrome","Travel & Maps"
"14.9","–ü–†–ò–ö–û–õ–´ 2018 –ò—é–Ω—å #454 —Ä–∂–∞–∫–∞ –¥–æ —Å–ª–µ–∑ —É–≥–∞—Ä –ø—Ä–∏–∫–æ–ª - –ü–†–ò–ö–û–õ–Æ–•–ê - YouTube","YouTube","Videos & TV"
"14.7","unsplash.com","Google Chrome","Design"
"14.3","Sketch","Sketch","Design"
"14.2","–ü–æ–¥–±–æ—Ä–∫–∞ –ü–†–ò–ö–û–õ–û–í #39 üòÇ –õ—É—á—à–∏–µ –ø—Ä–∏–∫–æ–ª—ã –ª–µ—Ç–∞ üî• 2018 üî• - YouTube","YouTube","Videos & TV"
"13.9","Battle.net","Battle.net","Games"
"13.7","Lightshot Screenshot","Lightshot Screenshot","File Management"
"12.9","behance.net","Google Chrome","Reference & Learning"
"12.7","collectui.com","Google Chrome","Audio/Video Production"
"12.1","mac-torrent-download.net","Google Chrome","Search"
"12.1","(7) LIKE A BOSS COMPILATION #Amazing #Talent #Awesome - YouTube","YouTube","Videos & TV"
"11.9","(21) –ö–æ–º–º—É–Ω–∏–∫–∞—Ü–∏–æ–Ω–Ω–∞—è —Å–µ—Ç—å Neurochat –¥–ª—è –æ–±—â–µ–Ω–∏—è —Å–∏–ª–æ–∏ÃÜ –º—ã—Å–ª–∏ BCI - YouTube","YouTube","Videos & TV"
"11.4","projects.invisionapp.com","Google Chrome","Design"
"11.3","invisionapp.com","Google Chrome","Design"
"10.9","translate.google.ru","Google Chrome","Search"
"10.7","facebook.com","Google Chrome","Social"
"10.6","isometric-grid-jespervega.sketch","Sketch","Design"
"10.3","Untitled 2","Sketch","Design"
"10.2","avito.ru","Google Chrome","Shopping"
"10.0","ironix_bitchip_enginerd","Sketch","Design"
"9.8","–°–∏—Å—Ç–µ–º–Ω—ã–µ –Ω–∞—Å—Ç—Ä–æ–π–∫–∏","–°–∏—Å—Ç–µ–º–Ω—ã–µ –Ω–∞—Å—Ç—Ä–æ–π–∫–∏","Utilities & Services"
"9.7","dmh31m.axshare.com","Google Chrome","Uncategorized"
"9.4","day-off39.ru","Google Chrome","Uncategorized"
"9.4","my.readymag.com","Google Chrome","Uncategorized"
"9.4","Street Racers Vs Police Chase -- Guys Are Crazy - YouTube","YouTube","Videos & TV"
"9.4","Flinto","Flinto","Design"
"9.2","serdceedki39.com","Google Chrome","Uncategorized"
"9.0","Steam","Steam","Games"
"8.9","SD","Sketch","Design"
"8.8","Rural vs. Urban Fails (August 2018) | FailArmy - YouTube","YouTube","Videos & TV"
"8.7","youtube.com","YouTube","Videos & TV"
"8.6","Funny Street Drifting / Racing Compilation 2018 - YouTube","YouTube","Videos & TV"
"8.6","jetbrains.com","Google Chrome","Development"
"8.5","artlebedev.ru","Google Chrome","News & Blogs"
"8.4","kaliningrad.hh.ru","Google Chrome","General"
"8.4","producthunt.com","Google Chrome","Uncategorized"
"8.4","medium.muz.li","Google Chrome","Reference & Learning"
"8.3","127.0.0.1:32767","Google Chrome","Uncategorized"
"8.2","10 –ù–ï–í–ï–†–û–Ø–¢–ù–´–• –ü–û–ì–û–ù–¨ –° –ü–û–õ–ò–¶–ï–ô–°–ö–ò–ú–ò –°–ù–Ø–¢–´–• –ù–ê –ö–ê–ú–ï–†–£ - YouTube","YouTube","Videos & TV"
"8.1","americanhomeenergy.com","Google Chrome","Uncategorized"
"8.0","designyoutrust.com","Google Chrome","Uncategorized"
"7.8","kommersant.ru","Google Chrome","News & Blogs"
"7.8","(23) Funniest Pet Fails Compilation August 2018 | Funny Pet Videos - YouTube","YouTube","Videos & TV"
"7.5","(7) LIKE A BOSS / AMAZING MOMENTS - YouTube","YouTube","Videos & TV"
"7.4","(23) Fore! Fails of the Week (August 2018) | FailArmy - YouTube","YouTube","Videos & TV"
"7.3","sunwaypv.com","Google Chrome","Uncategorized"
"7.3","zen.yandex.ru","Google Chrome","Search"
"7.2","rp5.ru","Google Chrome","News & Blogs"
"7.0","trello-attachments.s3.amazonaws.com","Google Chrome","Development"
"7.0","Join Call","Skype","Management"
"7.0","thingiverse.com","Google Chrome","Leisure"
"6.9","driver.yandex","Google Chrome","Uncategorized"
"6.9","news.drom.ru","Google Chrome","Utilities & Services"
"6.8","alma-solarshop.com","Google Chrome","Shopping"
"6.8","yandex.ru","Google Chrome","Search"
"6.8","cars.com","Google Chrome","Shopping"
"6.7","bangbangeducation.ru","Google Chrome","Uncategorized"
"6.6","prostitutkikaliningrada39.men","Google Chrome","Uncategorized"
"6.5","Try Not to React: The Fail is Written on Your Face (August 2018) | FailArmy - YouTube","YouTube","Videos & TV"
"6.3","(9) Funniest VR Moments & Fails Compilation From Twitch - YouTube","YouTube","Videos & TV"
"6.3","koniglabs.hygger.io","Google Chrome","Uncategorized"
"6.3","Feline Fails: Cat Got Your Tongue? (July 2018) | FailArmy - YouTube","YouTube","Videos & TV"
"6.2","sitepoint.com","Google Chrome","Reference & Learning"
"6.1","draw.io","Google Chrome","Documents & Writing"
"6.0","ru.wikipedia.org","Google Chrome","Search"
"6.0","rshb.ru","Google Chrome","Uncategorized"
"5.9","–¢–µ—Ö–Ω–∏–∫–∞ –±—ã—Å—Ç—Ä–æ–≥–æ —Ä–∏—Å—É–Ω–∫–∞ - YouTube","YouTube","Videos & TV"
"5.8","vivintsolar.com","Google Chrome","Uncategorized"
"5.8","tbis.ru","Google Chrome","Uncategorized"
"5.8","Framer","Framer","Design"
"5.7","Window","Sketch","Design"
"5.7","(23) –ë–∞–∫–ª–∞–∂–∞–Ω - –°—Ç–æ–ø –•–∞–º - YouTube","YouTube","Videos & TV"
"5.7","(32) BATMETAL FOREVER - YouTube","YouTube","Videos & TV"
"5.7","scaledagileframework.com","Google Chrome","Uncategorized"
"5.6","proto.io","Google Chrome","Uncategorized"
"5.4","linkedin.com","Google Chrome","Social"
"5.4","sketchrepo.com","Google Chrome","Audio/Video Production"
"5.4","solarpower.com","Google Chrome","Uncategorized"
"5.4","rainprisk.artstation.com","Google Chrome","Uncategorized"
"5.3","vk.com","Google Chrome","Social"
"5.3","gosuslugi.ru","Google Chrome","Utilities & Services"
"5.2","clientlab.ru","Google Chrome","Uncategorized"
"5.2","hubspot.com","Google Chrome","General"
"5.2","principleformac.com","Google Chrome","Uncategorized"
"5.2","pixabay.com","Google Chrome","Design"
"5.2","bureau.ru","Google Chrome","Uncategorized"
"5.2","forbes.ru","Google Chrome","News & Blogs"
"5.1","litres.ru","Google Chrome","Uncategorized"
"5.1","Open Conversation","Skype","Management"
"5.0","rbc.ru","Google Chrome","News & Blogs"
"5.0","Zeplin","Zeplin","Design"
"5.0","stocksnap.io","Google Chrome","Design"
"5.0","paper.dropbox.com","Google Chrome","File Management"
"4.9","bbc.com","Google Chrome","News & Blogs"
"4.9","tinkoff.ru","Google Chrome","Finances"
"4.9","TopCarsToday_Export","Sketch","Design"
"4.8","rg.ru","Google Chrome","News & Blogs"
"4.5","app.roadmunk.com","Google Chrome","Uncategorized"
"4.4","(32) You‚Äôve Been Doing The Holidays All Wrong - PooPourri.com - YouTube","YouTube","Videos & TV"
"4.4","(9) FULL BODY TRACKING as QUEEN (VRCHAT) - YouTube","YouTube","Videos & TV"
"4.3","(18) Palladium 3 Hours Design - YouTube","YouTube","Videos & TV"
"4.2","scaledagile.com","Google Chrome","Uncategorized"
"4.2","(249) Top 10 Amazing Backpacks You Should Buy | Part-1 - YouTube","YouTube","Videos & TV"
"4.2","kaliningrad.prostitutki.desi","Google Chrome","Uncategorized"
"4.2","Tshirt","Sketch","Design"
"4.1","Untitled%204.sketch","Sketch","Design"
"4.0","app.zeplin.io","Google Chrome","Design"
"4.0","Palladium 3 Hours Design - YouTube","YouTube","Videos & TV"
"4.0","spaca2.visualstudio.com","Google Chrome","Development"
"3.9","en.wikipedia.org","Google Chrome","Search"
"3.9","chrome.google.com","Google Chrome","Search"
"3.9","energysavingtrust.org.uk","Google Chrome","Uncategorized"
"3.8","art-fresh.org","Google Chrome","Uncategorized"
"3.7","Rename Selected Layers","Sketch","Design"
"3.7","(29) The Logo Design Revolution - YouTube","YouTube","Videos & TV"
"3.6","gogreensolar.com","Google Chrome","Uncategorized"
"3.6","KL_Viz","Sketch","Design"
"3.6","lavkalavka.com","Google Chrome","Uncategorized"
"3.6","shareae.com","Google Chrome","Uncategorized"
"3.5","2gis.ru","Google Chrome","Travel & Maps"
"3.5","brqbde.axshare.com","Google Chrome","Uncategorized"
"3.4","images.google.com","Google Chrome","Search"
"3.4","QuickTime Player","QuickTime Player","Videos & TV"
"3.3","End Call","Skype","Management"
"3.3","adv.ru","Google Chrome","Uncategorized"
"3.3","Mute","Skype","Management"
"3.2","sketchappsources.com","Google Chrome","Design"
"3.2","(9) DANCING in VRChat MONTAGE! (Full Body Tracking?!) - YouTube","YouTube","Videos & TV"
"3.2","(13) INTAKE24 video tutorial - YouTube","YouTube","Videos & TV"
"3.2","myaccount.payoneer.com","Google Chrome","Finances"
"3.2","9gag.com","Google Chrome","Leisure"
"3.1","drivetribe.com","Google Chrome","Uncategorized"
"3.1","uxdesignersalaries.com","Google Chrome","Uncategorized"
"3.1","app.ntaskmanager.com","Google Chrome","Uncategorized"
"3.0","amazon.com","Google Chrome","Shopping"
"3.0","dropbox.com","Google Chrome","File Management"
"2.9","themeforest.net","Google Chrome","Design"
"2.9","framer.com","Google Chrome","Uncategorized"
"2.9","dataart.ru","Google Chrome","Uncategorized"
"2.9","testometrika.com","Google Chrome","Uncategorized"
"2.9","ethereumprice.org","Google Chrome","Uncategorized"
"2.8","zr.ru","Google Chrome","Uncategorized"
"2.8","mapstyle.withgoogle.com","Google Chrome","Utilities & Services"
"2.8","news.yandex.ru","Google Chrome","Search"
"2.8","medium.com","Google Chrome","News & Blogs"
"2.7","experts-tourister.ru","Google Chrome","Uncategorized"
"2.7","preview.themeforest.net","Google Chrome","Design"
"2.7","(32) BATUPDATE - LET'S MAKE BATMETAL FOREVER! #2 - YouTube","YouTube","Videos & TV"
"2.7","drive2.ru","Google Chrome","Travel & Maps"
"2.7","Cheaper Full Body Tracking For Most VR headsets With Kinect & Driver4VR (Review on Oculus Rift) - YouTube","YouTube","Videos & TV"
"2.6","online.sberbank.ru","Google Chrome","Finances"
"2.6","Welcome to Sketch","Sketch","Design"
"2.6","ru.aliexpress.com","Google Chrome","Shopping"
"2.6","(14) One Day in the Life of a Web Designer - YouTube","YouTube","Videos & TV"
"2.6","marvelapp.com","Google Chrome","Design"
"2.5","stickk.com","Google Chrome","Uncategorized"
"2.5","helios-house.ru","Google Chrome","Uncategorized"
"2.4","github.com","Google Chrome","Development"
"2.3","krasnodar.regmarkets.ru","Google Chrome","Uncategorized"
"2.3","vectary.com","Google Chrome","Uncategorized"
"2.3","89.223.24.59","Google Chrome","Uncategorized"
"2.2","cluber.com.ua","Google Chrome","Uncategorized"
"2.2","Audio Call","Skype","Management"
"2.2","renewableenergyworld.com","Google Chrome","Uncategorized"
"2.2","go.skillbox.ru","Google Chrome","Uncategorized"
"2.2","awdee.ru","Google Chrome","Uncategorized"
"2.1","apple.com","Google Chrome","Shopping"
"2.1","banki.ru","Google Chrome","Finances"
"2.0","fractalfantasy.net","Google Chrome","Uncategorized"
"2.0","bits.media","Google Chrome","Uncategorized"
"2.0","videohive.net","Google Chrome","Audio/Video Production"
"2.0","notion.so","Google Chrome","Uncategorized"
"2.0","britishdesign.ru","Google Chrome","Uncategorized"
"2.0","pinkdot.com","Google Chrome","Uncategorized"
"2.0","Unmute","Skype","Management"
"2.0","the-village.ru","Google Chrome","Leisure"
"1.9","paypal.com","Google Chrome","Finances"
"1.9","–¥–æ—Å—É–≥-39.—Ä—Ñ","Google Chrome","Uncategorized"
"1.9","pond5.com","Google Chrome","Uncategorized"
"1.9","99D-Intuitive%20Entertainment%20.sketch","Sketch","Design"
"1.8","turbosquid.com","Google Chrome","Uncategorized"
"1.8","kalyanmir.ru","Google Chrome","Uncategorized"
"1.8","(9) do NOT sleep in VR CHAT (FULL BODY TRACKING) - YouTube","YouTube","Videos & TV"
"1.8","braun_t3.sketch","Sketch","Design"
"1.8","kazakh-zerno.kz","Google Chrome","Uncategorized"
"1.8","(14) a day in the life of a software engineer - YouTube","YouTube","Videos & TV"
"1.8","zigwheels.com","Google Chrome","Uncategorized"
"1.8","(32) Girls Don't Poop - PooPourri.com - YouTube","YouTube","Videos & TV"
"1.8","coinkeeper.me","Google Chrome","Uncategorized"
"1.8","webdesign-finder.com","Google Chrome","Uncategorized"
"1.8","simplifiedsolutionsinc.com","Google Chrome","Uncategorized"
"1.8","skillbox.ru","Google Chrome","Uncategorized"
"1.8","lifehacker.ru","Google Chrome","News & Blogs"
"1.8","mockupworld.co","Google Chrome","Uncategorized"
"1.8","studio.youtube.com","YouTube","Videos & TV"
"1.8","trade.aliexpress.com","Google Chrome","Shopping"
"1.7","(7) üî• LIKE A BOSS üî• 2018 Compilation - YouTube","YouTube","Videos & TV"
"1.7","lidl-kochzauber.de","Google Chrome","Uncategorized"
"1.7","iTunes","iTunes","Music"
"1.7","ceesty.com","Google Chrome","Uncategorized"
"1.7","login.payoneer.com","Google Chrome","Finances"
"1.7","tehnoprosto.ru","Google Chrome","Uncategorized"
"1.7","laserb.ru","Google Chrome","Uncategorized"
"1.6","Taxophone_export.sketch","Sketch","Design"
"1.6","99DHeader.sketch","Sketch","Design"
"1.6","pvfitcalculator.energysavingtrust.org.uk","Google Chrome","Uncategorized"
"1.6","getyourguide.ru","Google Chrome","Uncategorized"
"1.6","altecology.ru","Google Chrome","Uncategorized"
"1.6","prostitutkikaliningrada2.top","Google Chrome","Uncategorized"
"1.6","payouts.payoneer.com","Google Chrome","Finances"
"1.5","indinotes.com","Google Chrome","Uncategorized"
"1.5","files.design","Google Chrome","Uncategorized"
"1.5","calculator-credit.ru","Google Chrome","Uncategorized"
"1.5","blog.capterra.com","Google Chrome","News & Blogs"
"1.5","KonigLabs-Portfolio.sketch","Sketch","Design"
"1.5","narrowdesign.com","Google Chrome","Uncategorized"
"1.4","Ole%20(EcoGreenPack).sketch","Sketch","Design"
"1.4","zapier.com","Google Chrome","Development"
"1.4","aetipsandtricks.com","Google Chrome","Uncategorized"
"1.4","app.brandmark.io","Google Chrome","Uncategorized"
"1.4","giphy.com","Google Chrome","Leisure"
"1.4","eu.battle.net","Google Chrome","Games"
"1.4","zeppelinen.com","Google Chrome","Uncategorized"
"1.4","mockplus.com","Google Chrome","Uncategorized"
"1.4","airbnb.ru","Google Chrome","Travel & Maps"
"1.3","elevenews.com","Google Chrome","News & Blogs"
"1.3","say-hi.me","Google Chrome","Uncategorized"
"1.3","vw.com","Google Chrome","Uncategorized"
"1.3","simonstalenhag.se","Google Chrome","Uncategorized"
"1.3","rukrasnov.ru","Google Chrome","Uncategorized"
"1.3","Transmission","Transmission","Leisure"
"1.3","vivint.com","Google Chrome","Uncategorized"
"1.3","capterra.com","Google Chrome","Uncategorized"
"1.3","mail.google.com","Google Chrome","Email"
"1.3","joyreactor.cc","Google Chrome","Leisure"
"1.3","support.google.com","Google Chrome","Search"
"1.3","kayak.com","Google Chrome","Travel & Maps"
"1.3","zeplin.io","Google Chrome","Design"
"1.2","landfactory.ru","Google Chrome","Uncategorized"
"1.2","Preview: Design Logic On Mobile - YouTube","YouTube","Videos & TV"
"1.2","graphicburger.com","Google Chrome","Design"
"1.2","help.figma.com","Google Chrome","Audio/Video Production"
"1.2","itunes.apple.com","Google Chrome","Shopping"
"1.2","proofhub.com","Google Chrome","Uncategorized"
"1.2","wp.themedemo.co","Google Chrome","Uncategorized"
"1.2","headexpert.ru","Google Chrome","Uncategorized"
"1.2","–ú–æ–Ω–∏—Ç–æ—Ä–∏–Ω–≥ —Å–∏—Å—Ç–µ–º—ã","–ú–æ–Ω–∏—Ç–æ—Ä–∏–Ω–≥ —Å–∏—Å—Ç–µ–º—ã","Utilities & Services"
"1.2","themebubble.com","Google Chrome","Uncategorized"
"1.2","avocode.com","Google Chrome","Uncategorized"
"1.2","tutpad.com","Google Chrome","Uncategorized"
"1.1","instagram.com","Google Chrome","Social"
"1.1","ru.investing.com","Google Chrome","Finances"
"1.1","ntaskmanager.com","Google Chrome","Uncategorized"
"1.1","(1) –¢–µ—Ö–Ω–∏–∫–∞ –±—ã—Å—Ç—Ä–æ–≥–æ —Ä–∏—Å—É–Ω–∫–∞ - YouTube","YouTube","Videos & TV"
"1.1","adobe.com","Google Chrome","Reference & Learning"
"1.1","poopourri.com","Google Chrome","Uncategorized"
"1.1","ilo.org","Google Chrome","Uncategorized"
"1.1","lurkmore.to","Google Chrome","Uncategorized"
"1.1","persona-template.webflow.io","Google Chrome","Uncategorized"
"1.1","Viz.sketch","Sketch","Design"
"1.1","backcountry.com","Google Chrome","Sports"
"1.1","instamart.ru","Google Chrome","Uncategorized"
"1.1","ru.wikihow.com","Google Chrome","Search"
"1.1","mmtstock.com","Google Chrome","Uncategorized"
"1.1","uxchecklist.github.io","Google Chrome","Development"
"1.1","about:blank","Google Chrome","Uncategorized"
"1.1","accounts.hygger.io","Google Chrome","Uncategorized"
"1.0","isometric-grid-jespervega","Sketch","Design"
"1.0","ArcTouch%20Mobile%20UX%20Templates.sketch","Sketch","Design"
"1.0","Securando_Export.sketch","Sketch","Design"
"1.0","vaadin.com","Google Chrome","Uncategorized"
"1.0","sketchfab.com","Google Chrome","Uncategorized"
"1.0","card-visa.sketch","Sketch","Design"
"1.0","Preferences","Sketch","Design"
"1.0","listcarbrands.com","Google Chrome","Uncategorized"
"1.0","(9) HTC Vive Full Body Tracking Demo in VR! Hands-on Vive Trackers for Body Tracking in Virtual Reality - YouTube","YouTube","Videos & TV"
"1.0","deathtothestockphoto.com","Google Chrome","Uncategorized"
"1.0","support.99designs.com","Google Chrome","Design"
"1.0","Calculator","Calculator","Utilities & Services"
"1.0","yalantis.com","Google Chrome","Uncategorized"
"1.0","fubiz.net","Google Chrome","Uncategorized"
"1.0","blog.prototypr.io","Google Chrome","News & Blogs"
"1.0","telegram.me","Google Chrome","Social"
"1.0","kaboompics.com","Google Chrome","Uncategorized"
"1.0","pora-valit.livejournal.com","Google Chrome","News & Blogs"
"1.0","accounts.google.com","Google Chrome","Search"
"0.9","pcb-investigator.com","Google Chrome","Uncategorized"
"0.9","Microsoft Word","Microsoft Word","Documents & Writing"
"0.9","integromat.com","Google Chrome","Uncategorized"
"0.9","auth2.bitrix24.net","Google Chrome","Uncategorized"
"0.9","readymag.com","Google Chrome","Uncategorized"
"0.9","stomatologiya.info","Google Chrome","Uncategorized"
"0.9","delikateska.ru","Google Chrome","Uncategorized"
"0.9","municibid.com","Google Chrome","Uncategorized"
"0.9","livedev.skillbox.ru","Google Chrome","Uncategorized"
"0.9","Heroes of the Storm Setup","Heroes of the Storm Setup","Games"
"0.9","fabrikatoka.ru","Google Chrome","Uncategorized"
"0.9","fishki.net","Google Chrome","Leisure"
"0.9","carsguru.net","Google Chrome","Uncategorized"
"0.9","kkkino.net","Google Chrome","Uncategorized"
"0.9","reg.ru","Google Chrome","Utilities & Services"
"0.9","sketch.fordesignrs.com","Google Chrome","Uncategorized"
"0.9","glassdoor.com","Google Chrome","General"
"0.9","cushionapp.com","Google Chrome","Uncategorized"
"0.9","smashingmagazine.com","Google Chrome","Reference & Learning"
"0.9","secretmag.ru","Google Chrome","Uncategorized"
"0.9","automobilemag.com","Google Chrome","Uncategorized"
"0.9","VPN Plus","VPN Plus","Uncategorized"
"0.9","propertyroom.com","Google Chrome","Uncategorized"
"0.8","tripadvisor.ru","Google Chrome","Travel & Maps"
"0.8","boredpanda.com","Google Chrome","News & Blogs"
"0.8","sustainable.co.za","Google Chrome","Uncategorized"
"0.8","corneey.com","Google Chrome","Uncategorized"
"0.8","un-template.webflow.io","Google Chrome","Uncategorized"
"0.8","–£—Ç–∏–ª–∏—Ç–∞ –∞—Ä—Ö–∏–≤–∏—Ä–æ–≤–∞–Ω–∏—è","–£—Ç–∏–ª–∏—Ç–∞ –∞—Ä—Ö–∏–≤–∏—Ä–æ–≤–∞–Ω–∏—è","Utilities & Services"
"0.8","My Daily Life as UI Designer - YouTube","YouTube","Videos & TV"
"0.8","solarcrown.ru","Google Chrome","Uncategorized"
"0.8","Focus_Gallery_Exp.sketch","Sketch","Design"
"0.8","avtovzglyad.ru","Google Chrome","Uncategorized"
"0.8","click.pstmrk.it","Google Chrome","Uncategorized"
"0.8","designshack.net","Google Chrome","Uncategorized"
"0.8","techcrunch.com","Google Chrome","News & Blogs"
"0.8","apply.britishdesign.ru","Google Chrome","Uncategorized"
"0.8","burst.shopify.com","Google Chrome","General"
"0.8","ostec-smt.ru","Google Chrome","Uncategorized"
"0.8","xd.adobe.com","Google Chrome","Reference & Learning"
"0.8","habitica.com","Google Chrome","General"
"0.8","tripsavvy.com","Google Chrome","Uncategorized"
"0.8","myperfectresume.com","Google Chrome","Uncategorized"
"0.8","cpositiv.net","Google Chrome","Uncategorized"
"0.8","cobalten.com","Google Chrome","Uncategorized"
"0.8","(21) AutoSway Promo - YouTube","YouTube","Videos & TV"
"0.8","hackernoon.com","Google Chrome","News & Blogs"
"0.8","bing.com","Google Chrome","Search"
"0.8","iPhone%20X%20Freebie%20Mockup%20by%20Rifayet%20Uday.sketch","Sketch","Design"
"0.8","One-Page-Design-Work.sketch","Sketch","Design"
"0.8","card-payment-johnyvino.sketch","Sketch","Design"
"0.8","newkaliningrad.ru","Google Chrome","Uncategorized"
"0.8","airbnb.de","Google Chrome","Travel & Maps"
"0.8","yescort.ru","Google Chrome","Uncategorized"
"0.8","tehno-rating.ru","Google Chrome","Uncategorized"
"0.8","ru.godaddy.com","Google Chrome","Development"
"0.7","(22) –¢—é–ª–µ–Ω—å —Ä—É–≥–∞–µ—Ç—Å—è :) - YouTube","YouTube","Videos & TV"
"0.7","dreamstime.com","Google Chrome","Design"
"0.7","Social_icons_v10.sketch","Sketch","Design"
"0.7","venturebeat.com","Google Chrome","News & Blogs"
"0.7","file-upload.com","Google Chrome","Uncategorized"
"0.7","jopaco.com","Google Chrome","Uncategorized"
"0.7","shopify.com","Google Chrome","General"
"0.7","steelkiwi.com","Google Chrome","Uncategorized"
"0.7","pmi.com","Google Chrome","Uncategorized"
"0.7","cloud.netlifyusercontent.com","Google Chrome","Uncategorized"
"0.7","fastcompany.com","Google Chrome","Leisure"
"0.7","127.0.0.1:32768","Google Chrome","Uncategorized"
"0.7","motoring.com.au","Google Chrome","Uncategorized"
"0.7","artlebedev.com","Google Chrome","Uncategorized"
"0.7","motee-wireframe.sketch","Sketch","Design"
"0.7","(18) Mad Max: The Video Game - 10 Minutes of Demo Gameplay | E3 2015 - YouTube","YouTube","Videos & TV"
"0.7","toolfarm.com","Google Chrome","Uncategorized"
"0.7","(25) Cell Swipe Transition - YouTube","YouTube","Videos & TV"
"0.6","static.tinkoff.ru","Google Chrome","Finances"
"0.6","auto.rambler.ru","Google Chrome","News & Blogs"
"0.6","Telemedicine_Mockup.sketch","Sketch","Design"
"0.6","daydesigner.com","Google Chrome","Uncategorized"
"0.6","spotify.com","Google Chrome","Music"
"0.6","YouTube","YouTube","Videos & TV"
"0.6","bildung-vierpunktnull.de","Google Chrome","Uncategorized"
"0.6","taskinoor.wordpress.com","Google Chrome","News & Blogs"
"0.6","flinto.com","Google Chrome","Design"
"0.6","fontfacedojo.com","Google Chrome","Uncategorized"
"0.6","rockstargames.com","Google Chrome","Games"
"0.6","99DHeader","Sketch","Design"
"0.6","vfxdownload.com","Google Chrome","Uncategorized"
"0.6","mvideo.ru","Google Chrome","Shopping"
"0.6","snazzymaps.com","Google Chrome","Uncategorized"
"0.6","dotomator.com","Google Chrome","Uncategorized"
"0.6","Task-Export-Dev.sketch","Sketch","Design"
"0.6","savannatobacco.com","Google Chrome","Uncategorized"
"0.6","Untitled 4","Sketch","Design"
"0.6","RCC_V2_Prototyping.sketch","Sketch","Design"
"0.6","autolist.com","Google Chrome","Uncategorized"
"0.6","hygger.io","Google Chrome","Uncategorized"
"0.6","motionrevolver.com","Google Chrome","Uncategorized"
"0.6","monday.com","Google Chrome","Uncategorized"
"0.6","lifewire.com","Google Chrome","Uncategorized"
"0.6","sketchbookme.com","Google Chrome","Uncategorized"
"0.6","links.skillbox.ru","Google Chrome","Uncategorized"
"0.6","polezner.ru","Google Chrome","Uncategorized"
"0.6","infogra.ru","Google Chrome","Uncategorized"
"0.5","thetab.com","Google Chrome","Uncategorized"
"0.5","oppps.ru","Google Chrome","Uncategorized"
"0.5","acs.alfabank.ru","Google Chrome","Finances"
"0.5","artisantalent.com","Google Chrome","Uncategorized"
"0.5","integram.org","Google Chrome","Uncategorized"
"0.5","neftegaz.ru","Google Chrome","Uncategorized"
"0.5","solarpowerrocks.com","Google Chrome","Uncategorized"
"0.5","The Signal From T√∂lva","The Signal From T√∂lva","Uncategorized"
"0.5","lstore.graphics","Google Chrome","Shopping"
"0.5","(8) BEST CUBE #46 - YouTube","YouTube","Videos & TV"
"0.5","goabstract.com","Google Chrome","Uncategorized"
"0.5","viator.com","Google Chrome","Uncategorized"
"0.5","thomashilfen.de","Google Chrome","Uncategorized"
"0.5","(21) SUPERLUMINAL STARDUST 1.1.2 WIN FOR ADOBE AFTER EFFECTS (AESCRIPTS) - YouTube","YouTube","Videos & TV"
"0.5","gutentype.ancorathemes.com","Google Chrome","Uncategorized"
"0.5","ru.stackoverflow.com","Google Chrome","Reference & Learning"
"0.5","autotest.pro","Google Chrome","Uncategorized"
"0.5","social-icons.sketch","Sketch","Design"
"0.5","twitter.com","Google Chrome","Social"
"0.5","showaround.com","Google Chrome","Uncategorized"
"0.5","windowsten.ru","Google Chrome","Uncategorized"
"0.5","intorohd.com","Google Chrome","Uncategorized"
"0.5","vc.ru","Google Chrome","News & Blogs"
"0.5","Settings","Google Chrome","Documents & Writing"
"0.5","shotstash.com","Google Chrome","Uncategorized"
"0.5","cgtrader.com","Google Chrome","Uncategorized"
"0.5","daily-harvest.com","Google Chrome","Uncategorized"
"0.5","uplabs.com","Google Chrome","Uncategorized"
"0.5","austinkleon.com","Google Chrome","Uncategorized"
"0.5","kickstarter.com","Google Chrome","Leisure"
"0.5","keenitsolutions.com","Google Chrome","Uncategorized"
"0.5","avitrader.com","Google Chrome","Uncategorized"
"0.5","urbandictionary.com","Google Chrome","Leisure"
"0.4","utemplates.net","Google Chrome","Uncategorized"
"0.4","getpen.ru","Google Chrome","Uncategorized"
"0.4","payoneer.com","Google Chrome","Finances"
"0.4","(14) Fixing bugs in your code - YouTube","YouTube","Videos & TV"
"0.4","wholesalesolar.com","Google Chrome","Uncategorized"
"0.4","my.com","Google Chrome","Uncategorized"
"0.4","blog.snappa.com","Google Chrome","News & Blogs"
"0.4","gifcompressor.com","Google Chrome","Uncategorized"
"0.4","lk.gosuslugi.ru","Google Chrome","Utilities & Services"
"0.4","prnt.sc","Google Chrome","Utilities & Services"
"0.4","dayjob.com","Google Chrome","Uncategorized"
"0.4","ownest.io","Google Chrome","Uncategorized"
"0.4","Downloads","Google Chrome","Documents & Writing"
"0.4","Adaptive-Expiriments.sketch","Sketch","Design"
"0.4","pacificcigarette.com","Google Chrome","Uncategorized"
"0.4","wayoflifeapp.com","Google Chrome","Uncategorized"
"0.4","archipreneur.com","Google Chrome","Uncategorized"
"0.4","try.wrike.com","Google Chrome","Management"
"0.4","AASIapp","AASIapp","Uncategorized"
"0.4","teddygraphics.com","Google Chrome","Uncategorized"
"0.4","hunterae.com","Google Chrome","Uncategorized"
"0.4","roadmunk.com","Google Chrome","Uncategorized"
"0.4","edition.cnn.com","Google Chrome","News & Blogs"
"0.4","overflow.io","Google Chrome","Uncategorized"
"0.4","blog.google","Google Chrome","News & Blogs"
"0.4","talkofthevillages.com","Google Chrome","Uncategorized"
"0.4","getplan.co","Google Chrome","Uncategorized"
"0.4","gearpatrol.com","Google Chrome","Uncategorized"
"0.4","bidz.com","Google Chrome","Uncategorized"
"0.4","next.com.kz","Google Chrome","Uncategorized"
"0.4","tableeco.com","Google Chrome","Uncategorized"
"0.4","bakerdemschool.org","Google Chrome","Uncategorized"
"0.4","y.co","Google Chrome","Uncategorized"
"0.4","ambercity.ru","Google Chrome","Uncategorized"
"0.4","Viz","Sketch","Design"
"0.4","viid.me","Google Chrome","Uncategorized"
"0.4","wav-library.net","Google Chrome","Uncategorized"
"0.4","joxi.ru","Google Chrome","Uncategorized"
"0.4","shop.coles.com.au","Google Chrome","Shopping"
"0.4","kinopoisk.ru","Google Chrome","Videos & TV"
"0.4","192.168.115.100:8080","Google Chrome","Uncategorized"
"0.4","toursbylocals.com","Google Chrome","Uncategorized"
"0.4","en.99designs.de","Google Chrome","Uncategorized"
"0.4","festyy.com","Google Chrome","Uncategorized"
"0.4","app.deathtothestockphoto.com","Google Chrome","Uncategorized"
"0.4","lamoda.ru","Google Chrome","Uncategorized"
"0.3","lifehack.org","Google Chrome","Leisure"
"0.3","spacemath.xyz","Google Chrome","Uncategorized"
"0.3","trustpilot.com","Google Chrome","Shopping"
"0.3","pechatshop.ru","Google Chrome","Shopping"
"0.3","–®—Ä–∏—Ñ—Ç—ã","–®—Ä–∏—Ñ—Ç—ã","File Management"
"0.3","(8) Best COUB #48 - YouTube","YouTube","Videos & TV"
"0.3","gallery.yopriceville.com","Google Chrome","Uncategorized"
"0.3","npmjs.com","Google Chrome","Reference & Learning"
"0.3","app.avocode.com","Google Chrome","Uncategorized"
"0.3","Kadrium_St1_v1.sketch","Sketch","Design"
"0.3","freemockupworld.com","Google Chrome","Uncategorized"
"0.3","thefurrow.tv","Google Chrome","Uncategorized"
"0.3","udemy.com","Google Chrome","Reference & Learning"
"0.3","spothero.com","Google Chrome","Uncategorized"
"0.3","Adobe Application Manager","Adobe Application Manager","Uncategorized"
"0.3","Close","Skype","Management"
"0.3","fr.shop-orchestra.com","Google Chrome","Uncategorized"
"0.3","XD","XD","Design"
"0.3","(21) RE:Lens Product Overview by RE:Vision Effects - YouTube","YouTube","Videos & TV"
"0.3","www63.zippyshare.com","Google Chrome","File Management"
"0.3","mixcloud.com","Google Chrome","Music"
"0.3","clara.io","Google Chrome","Uncategorized"
"0.3","UserNotificationCenter","UserNotificationCenter","Utilities & Services"
"0.3","pinterest.com","Google Chrome","Leisure"
"0.3","axure.com","Google Chrome","Uncategorized"
"0.3","nationalcareersservice.direct.gov.uk","Google Chrome","Utilities & Services"
"0.3","stock.adobe.com","Google Chrome","Reference & Learning"
"0.3","links.producthunt.com","Google Chrome","Uncategorized"
"0.3","deadsign.ru","Google Chrome","Uncategorized"
"0.3","edu.ro","Google Chrome","Uncategorized"
"0.3","horsetelex.com","Google Chrome","Uncategorized"
"0.3","shinyfrog.net","Google Chrome","Uncategorized"
"0.3","roblox.com","Google Chrome","Games"
"0.3","drom.ru","Google Chrome","Utilities & Services"
"0.3","static.collectui.com","Google Chrome","Audio/Video Production"
"0.3","motionarray.com","Google Chrome","Uncategorized"
"0.3","Closed_Web.sketch","Sketch","Design"
"0.3","TOP-Speaker 2","Sketch","Design"
"0.3","CoreServicesUIAgent","CoreServicesUIAgent","Utilities & Services"
"0.3","popsci.com","Google Chrome","News & Blogs"
"0.3","einguterplan.de","Google Chrome","Uncategorized"
"0.3","blueapron.com","Google Chrome","Uncategorized"
"0.3","ledixbeauty.ru","Google Chrome","Uncategorized"
"0.3","payoneer.custhelp.com","Google Chrome","Uncategorized"
"0.3","(22) Unbelievable Funny MotoGP crash Compilation 2016 #12 - YouTube","YouTube","Videos & TV"
"0.3","golovamozg.ru","Google Chrome","Uncategorized"
"0.3","flagstories.co","Google Chrome","Uncategorized"
"0.3","lab409.ru","Google Chrome","Uncategorized"
"0.2","smartsheet.com","Google Chrome","General"
"0.2","addevent.com","Google Chrome","Uncategorized"
"0.2","onona.ru","Google Chrome","Uncategorized"
"0.2","quora.com","Google Chrome","Leisure"
"0.2","abynim.github.io","Google Chrome","Development"
"0.2","city-discovery.com","Google Chrome","Uncategorized"
"0.2","tourister.ru","Google Chrome","Uncategorized"
"0.2","220-on.ru","Google Chrome","Uncategorized"
"0.2","demo3.touchsize.com","Google Chrome","Uncategorized"
"0.2","23.252.65.86","Google Chrome","Uncategorized"
"0.2","idea-sandbox.com","Google Chrome","Uncategorized"
"0.2","selectro.lk","Google Chrome","Uncategorized"
"0.2","pixa-app.com","Google Chrome","Uncategorized"
"0.2","Closed_Web","Sketch","Design"
"0.2","cardmachineoutlet.com","Google Chrome","Uncategorized"
"0.2","webfonts.pro","Google Chrome","Uncategorized"
"0.2","12 Automobile Logos Vector","Sketch","Design"
"0.2","–£—Å—Ç–∞–Ω–æ–≤—â–∏–∫","–£—Å—Ç–∞–Ω–æ–≤—â–∏–∫","File Management"
"0.2","LibellaBottlers 2nd Design Concept - YouTube","YouTube","Videos & TV"
"0.2","editorsdepot.com","Google Chrome","Uncategorized"
"0.2","feedspot.com","Google Chrome","Uncategorized"
"0.2","sketchapp.rocks","Google Chrome","Uncategorized"
"0.2","43things.com","Google Chrome","Uncategorized"
"0.2","Alexey Sushkov - YouTube","YouTube","Videos & TV"
"0.2","blog.gilbertconsulting.com","Google Chrome","News & Blogs"
"0.2","vk.cc","Google Chrome","Uncategorized"
"0.2","walkedlatonia.blogspot.com","Google Chrome","News & Blogs"
"0.2","vesti.ru","Google Chrome","Uncategorized"
"0.2","inc.com","Google Chrome","News & Blogs"
"0.2","theglobeandmail.com","Google Chrome","News & Blogs"
"0.2","bit.ly","Google Chrome","Utilities & Services"
"0.2","topspeaker.ru","Google Chrome","Uncategorized"
"0.2","tobaccoreviews.net","Google Chrome","Uncategorized"
"0.2","123-cigs.com","Google Chrome","Uncategorized"
"0.2","macrofit.co","Google Chrome","Uncategorized"
"0.2","otvet.mail.ru","Google Chrome","Email"
"0.2","business.com","Google Chrome","Uncategorized"
"0.2","ezgif.com","Google Chrome","File Management"
"0.2","gumroad.com","Google Chrome","Finances"
"0.2","Untitled","YouTube","Videos & TV"
"0.2","q42.nl","Google Chrome","Uncategorized"
"0.2","speakersfromtheedge.com","Google Chrome","Uncategorized"
"0.2","(14) Top 5 Programming Languages to Learn in 2018 to Get a Job Without a College Degree - YouTube","YouTube","Videos & TV"
"0.2","btttravel.com","Google Chrome","Uncategorized"
"0.2","the-app-developers.co.uk","Google Chrome","Reference & Learning"
"0.2","(22) –ú–æ—Ä—Å–∫–æ–π –ª–µ–≤ –ø—Ä–æ—Å–∏—Ç –µ–¥—ã —É —Ä—ã–±–∞–∫–æ–≤ - YouTube","YouTube","Videos & TV"
"0.2","(23) win fall august - YouTube","YouTube","Videos & TV"
"0.2","internet-technologies.ru","Google Chrome","Uncategorized"
"0.2","hellosign.com","Google Chrome","Uncategorized"
"0.2","yadi.sk","Google Chrome","File Management"
"0.2","20411","Sketch","Design"
"0.2","Focus_Gallery_Exp","Sketch","Design"
"0.2","creativebooster.net","Google Chrome","Uncategorized"
"0.2","Previous","Skype","Management"
"0.2","elgimpafondo.blogspot.com","Google Chrome","News & Blogs"
"0.2","webdesignhot.com","Google Chrome","Uncategorized"
"0.2","Alt-Design","YouTube","Videos & TV"
"0.2","aliexpress.com","Google Chrome","Shopping"
"0.2","sunbasket.com","Google Chrome","Uncategorized"
"0.2","COUB –ª—É—á—à–µ–µ –∏—é–ª—å 2018 best coub - YouTube","YouTube","Videos & TV"
"0.2","startupstockphotos.com","Google Chrome","Uncategorized"
"0.2","veltra.com","Google Chrome","Uncategorized"
"0.2","1xtpr.host","Google Chrome","Uncategorized"
"0.2","(22) –ö–∞–ª–∏–Ω–∏–Ω–≥—Ä–∞–¥ - –ó–æ–æ–ø–∞—Ä–∫ - —Ç—é–ª–µ–Ω–∏ –ø—Ä–æ—Å—è—Ç –µ–¥—ã - YouTube","YouTube","Videos & TV"
"0.2","buff.ly","Google Chrome","Uncategorized"
"0.2","nytimes.com","Google Chrome","News & Blogs"
"0.2","downstreamtech.com","Google Chrome","Uncategorized"
"0.2","login.microsoftonline.com","Google Chrome","Utilities & Services"
"0.2","sketchapp.com","Google Chrome","Uncategorized"
"0.2","carsmeaning.blogspot.com","Google Chrome","News & Blogs"
"0.2","entrepreneur.com","Google Chrome","News & Blogs"
"0.2","showitbetter.com","Google Chrome","Uncategorized"
"0.2","livingspaces.com","Google Chrome","Uncategorized"
"0.2","aif.ru","Google Chrome","Uncategorized"
"0.2","ebay.com.au","Google Chrome","Shopping"
"0.2","mymail.my.com","Google Chrome","Uncategorized"
"0.2","login.live.com","Google Chrome","Email"
"0.2","delamatadesign.com","Google Chrome","Uncategorized"
"0.2","google.fr","Google Chrome","Search"
"0.2","similarweb.com","Google Chrome","Utilities & Services"
"0.2","autonews.com","Google Chrome","News & Blogs"
"0.2","yaplakal.com","Google Chrome","Leisure"
"0.2","new-retail.ru","Google Chrome","Uncategorized"
"0.2","freevpn.pw","Google Chrome","Uncategorized"
"0.2","shape.com","Google Chrome","Health & Fitness"
"0.2","leftcoastlogic.com","Google Chrome","Uncategorized"
"0.2","ebooks.webflow.com","Google Chrome","Design"
"0.2","statsbot.co","Google Chrome","Uncategorized"
"0.2","interaction-design.org","Google Chrome","Uncategorized"
"0.2","support.integromat.com","Google Chrome","Uncategorized"
"0.2","app.goabstract.com","Google Chrome","Uncategorized"
"0.2","google.co.uk","Google Chrome","Search"
"0.2","ratatum.com","Google Chrome","Uncategorized"
"0.2","(14) I Wanna Be a Web Designer ¬∑ A Day In The Life Of A Web Designer - YouTube","YouTube","Videos & TV"
"0.2","robinhood.com","Google Chrome","Uncategorized"
"0.2","theroomplace.com","Google Chrome","Uncategorized"
"0.2","clkde.tradedoubler.com","Google Chrome","Uncategorized"
"0.2","theunlimitedmom.pages.ontraport.net","Google Chrome","Uncategorized"
"0.2","policygenius.com","Google Chrome","Uncategorized"
"0.2","app.muz.li","Google Chrome","Reference & Learning"
"0.2","webcache.googleusercontent.com","Google Chrome","Utilities & Services"
"0.2","bstefan_disqus.sketch","Sketch","Design"
"0.2","Gorky.sketch","Sketch","Design"
"0.2","AR_Carton.sketch","Sketch","Design"
"0.2","namecheap.com","Google Chrome","Utilities & Services"
"0.2","inboardapp.com","Google Chrome","Uncategorized"
"0.1","ProfNav_St2.sketch","Sketch","Design"
"0.1","megabonus.com","Google Chrome","Uncategorized"
"0.1","online-smoke.com","Google Chrome","Uncategorized"
"0.1","forum.auto.ru","Google Chrome","Travel & Maps"
"0.1","–¢–µ—Ä–º–∏–Ω–∞–ª","–¢–µ—Ä–º–∏–Ω–∞–ª","Development"
"0.1","ebags.com","Google Chrome","Shopping"
"0.1","get.invisionapp.com","Google Chrome","Design"
"0.1","Turn video on","Skype","Management"
"0.1","epa.gov","Google Chrome","Utilities & Services"
"0.1","Canon Inkjet Printer/Scanner/Fax Extended Survey Program","Canon Inkjet Printer/Scanner/Fax Extended Survey Program","Uncategorized"
"0.1","spaca2.vssps.visualstudio.com","Google Chrome","Development"
"0.1","carlogos.org","Google Chrome","Uncategorized"
"0.1","lifetick.com","Google Chrome","Uncategorized"
"0.1","ru.freepik.com","Google Chrome","Design"
"0.1","login.aliexpress.com","Google Chrome","Shopping"
"0.1","Maintenance%20app.sketch","Sketch","Design"
"0.1","getyourguide.com","Google Chrome","Uncategorized"
"0.1","SecurityAgent","SecurityAgent","Utilities & Services"
"0.1","framer.us15.list-manage.com","Google Chrome","Email"
"0.1","TunnelBear","TunnelBear","Uncategorized"
"0.1","psdmockups.com","Google Chrome","Uncategorized"
"0.1","(245) Creating an icon set on Sketch with SVG files - YouTube","YouTube","Videos & TV"
"0.1","Untitled","Sketch","Design"
"0.1","whitegloveworkshops.com","Google Chrome","Uncategorized"
"0.1","caranddriver.com","Google Chrome","Leisure"
"0.1","tatyanakim.com","Google Chrome","Uncategorized"
"0.1","avtofotograf.ru","Google Chrome","Uncategorized"
"0.1","social-icon-set-christophekerebel.sketch","Sketch","Design"
"0.1","megogo.ru","Google Chrome","Uncategorized"
"0.1","m.rp5.ru","Google Chrome","News & Blogs"
"0.1","i.pinimg.com","Google Chrome","Leisure"
"0.1","codingdojo.com","Google Chrome","Uncategorized"
"0.1","goodreads.com","Google Chrome","Leisure"
"0.1","profile.freepik.com","Google Chrome","Design"
"0.1","Where:","Telegram","Management"
"0.1","top10-zone.com","Google Chrome","Uncategorized"
"0.1","Best COUB #47 - YouTube","YouTube","Videos & TV"
"0.1","slideshare.net","Google Chrome","Reference & Learning"
"0.1","Close group profile","Skype","Management"
"0.1","–î–µ–Ω–∏—Å –ê.","Skype","Management"
"0.1","base.garant.ru","Google Chrome","Uncategorized"
"0.1","TopCarsToday_Export copy","Sketch","Design"
"0.1","–ó–∞–º–µ—Ç–∫–∏","–ó–∞–º–µ—Ç–∫–∏","Documents & Writing"
"0.1","creativebloq.com","Google Chrome","Leisure"
"0.1","SPA_Prez.sketch","Sketch","Design"
"0.1","grubmarket.com","Google Chrome","Uncategorized"
"0.1","enxt-ui-store-wireframe-kit-karthick.sketch","Sketch","Design"
"0.1","template.net","Google Chrome","Uncategorized"
"0.1","creativemarket.com","Google Chrome","Design"
"0.1","(14) DAY IN THE LIFE OF A FREELANCE DESIGNER - Ep. 1 - YouTube","YouTube","Videos & TV"
"0.1","lifeexample.ru","Google Chrome","Uncategorized"
"0.1","googleadservices.com","Google Chrome","Uncategorized"
"0.1","booking.com","Google Chrome","Travel & Maps"
"0.1","getyourguide.de","Google Chrome","Uncategorized"
"0.1","adobeid-na1.services.adobe.com","Google Chrome","Reference & Learning"
"0.1","(18) 50 Free Optical Flares - After Effects - Premiere Pro - Photoshop - Any Version - YouTube","YouTube","Videos & TV"
"0.1","etype.ru","Google Chrome","Uncategorized"
"0.1","(18) üî• LIKE A BOSS üî• 2018 Compilation - YouTube","YouTube","Videos & TV"
"0.1","aff1xstavka.top","Google Chrome","Uncategorized"
"0.1","emlblog.com","Google Chrome","News & Blogs"
"0.1","premiumbeat.com","Google Chrome","Uncategorized"
"0.1","pages.ebay.com","Google Chrome","Shopping"
"0.1","ebay.com","Google Chrome","Shopping"
"0.1","CleanZen.sketch","Sketch","Design"
"0.1","B2B%20Freelance%20Concept.sketch","Sketch","Design"
"0.1","blog.feedspot.com","Google Chrome","News & Blogs"
"0.1","habr.com","Google Chrome","Uncategorized"
"0.1","elements.envato.com","Google Chrome","Design"
"0.1","crunchbase.com","Google Chrome","News & Blogs"
"0.1","startupvirginia.org","Google Chrome","Uncategorized"
"0.1","pureref.com","Google Chrome","Uncategorized"
"0.1","readcube.com","Google Chrome","Uncategorized"
"0.1","newlife18.ru","Google Chrome","Uncategorized"
"0.1","maps.yandex.ru","Google Chrome","Travel & Maps"
